{"count":1,"self":38.894201599999995,"total":168.0996539,"children":{"InitializeActuators":{"count":35,"self":0.0030489,"total":0.0030489,"children":null},"InitializeSensors":{"count":35,"self":0.0043619999999999996,"total":0.0043619999999999996,"children":null},"AgentSendState":{"count":16584,"self":7.8379655999999995,"total":11.0761374,"children":{"CollectObservations":{"count":116095,"self":0.168825,"total":0.168825,"children":null},"WriteActionMask":{"count":116095,"self":0.14145639999999998,"total":0.14145639999999998,"children":null},"RequestDecision":{"count":116095,"self":0.5141773,"total":2.9278901999999998,"children":{"AgentInfo.ToProto":{"count":116095,"self":0.41931389999999996,"total":2.4137128999999997,"children":{"GenerateSensorData":{"count":116095,"self":1.4697356,"total":1.9943989999999998,"children":{"RayPerceptionSensor.Perceive":{"count":232190,"self":0.5246634,"total":0.5246634,"children":null}}}}}}}}},"DecideAction":{"count":16584,"self":115.3859968,"total":115.3859992,"children":null},"AgentAct":{"count":16584,"self":2.6684364,"total":2.6742008,"children":{"AgentInfo.ToProto":{"count":110,"self":0.0010004,"total":0.0057643999999999994,"children":{"GenerateSensorData":{"count":110,"self":0.0025231,"total":0.004764,"children":{"RayPerceptionSensor.Perceive":{"count":220,"self":0.0022409,"total":0.0022409,"children":null}}}}}}},"AgentInfo.ToProto":{"count":2522,"self":0.009711,"total":0.060671499999999996,"children":{"GenerateSensorData":{"count":2522,"self":0.0325779,"total":0.0509605,"children":{"RayPerceptionSensor.Perceive":{"count":5044,"self":0.0183826,"total":0.0183826,"children":null}}}}}},"gauges":{"PassingObstacles.CumulativeReward":{"count":2632,"max":10,"min":-5,"runningAverage":9.325597,"value":10,"weightedAverage":9.999998}},"metadata":{"timer_format_version":"0.1.0","start_time_seconds":"1692967045","unity_version":"2022.3.6f1","command_line_arguments":"C:\\Program Files\\Unity\\Hub\\Editor\\2022.3.6f1\\Editor\\Unity.exe -projectpath C:\\Users\\just1\\MachineLearningTest -useHub -hubIPC -cloudEnvironment production -licensingIpc LicenseClient-just1 -hubSessionId bdeb2def-cf67-4209-a8e4-99182d524591 -accessToken BLy1qiN91X40bRdur7icG2aZwW0Ggp7DHRc64sLRHRQ012f","communication_protocol_version":"1.5.0","com.unity.ml-agents_version":"2.0.1","scene_name":"Lvl3Training","end_time_seconds":"1692967213"}}